{"cameraMode":{"drawMode":0,"name":"Shaded","section":"Shading Mode"},"sceneLighting":true,"audioPlay":false,"sceneViewState":{"m_AlwaysRefresh":false,"showFog":true,"showSkybox":true,"showFlares":true,"showImageEffects":true,"showParticleSystems":true,"showVisualEffectGraphs":true,"m_FxEnabled":true},"in2DMode":false,"pivot":{"x":-1.0713114738464356,"y":2.8278884887695314,"z":-0.4737682342529297},"rotation":{"x":0.16630680859088899,"y":0.1651015728712082,"z":-0.028253082185983659,"w":0.9717383980751038},"size":5.816993713378906,"orthographic":true}