{"cameraMode":{"drawMode":0,"name":"Shaded","section":"Shading Mode"},"sceneLighting":true,"audioPlay":false,"sceneViewState":{"m_AlwaysRefresh":false,"showFog":true,"showSkybox":true,"showFlares":true,"showImageEffects":true,"showParticleSystems":true,"showVisualEffectGraphs":true,"m_FxEnabled":true},"in2DMode":false,"pivot":{"x":-0.33244991302490237,"y":1.8330390453338624,"z":0.041252851486206058},"rotation":{"x":0.17365936934947968,"y":0.18926085531711579,"z":-0.03402821347117424,"w":0.9658514857292175},"size":7.177985191345215,"orthographic":true}