{"cameraMode":{"drawMode":0,"name":"Shaded","section":"Shading Mode"},"sceneLighting":true,"audioPlay":false,"sceneViewState":{"m_AlwaysRefresh":false,"showFog":true,"showSkybox":true,"showFlares":true,"showImageEffects":true,"showParticleSystems":true,"showVisualEffectGraphs":true,"m_FxEnabled":true},"in2DMode":false,"pivot":{"x":17.527029037475587,"y":-16.204513549804689,"z":16.140724182128908},"rotation":{"x":-0.2889960706233978,"y":-0.3645194172859192,"z":0.12011869251728058,"w":-0.8770430684089661},"size":20.464656829833986,"orthographic":false}